Day,,,,,
26.07.2023,,,,,
14.06.2023,,,,,
03.05.2023,,,,,
22.04.2023,,,,,
01.02.2023,,,,,
14.12.2022,,,,,
02.11.2022,,,,,
21.09.2022,,,,,
27.07.2022,,,,,
15.06.2022,,,,,
04.05.2022,,,,,
16.03.2022,,,,,
05.11.2020,,,,,
16.09.2020,,,,,
27.08.2020,,,,,
29.07.2020,,,,,
10.06.2020,,,,,
29.04.2020,,,,,
31.03.2020,,,,,
23.03.2020,,,,,
19.03.2020,,,,,
15.03.2020,,,,,
03.03.2020,,,,,
30.10.2019,,,,,
18.09.2019,,,,,
31.07.2019,,,,,
19.12.2018,,,,,
26.09.2018,,,,,
13.06.2018,,,,,
21.03.2018,,,,,
13.12.2017,,,,,
14.06.2017,,,,,
15.03.2017,,,,,
14.12.2016,,,,,
16.12.2015,,,,,
22.06.2011,,,,,
16.12.2008,,,,,
29.10.2008,,,,,
08.10.2008,,,,,
30.04.2008,,,,,
18.03.2008,,,,,
16.03.2008,,,,,
30.01.2008,,,,,
22.01.2008,,,,,
11.12.2007,,,,,
31.10.2007,,,,,
18.09.2007,,,,,
17.08.2007,,,,,
07.08.2007,,,,,
28.06.2007,,,,,
09.05.2007,,,,,
21.03.2007,,,,,
31.01.2007,,,,,
12.12.2006,,,,,
25.10.2006,,,,,
20.09.2006,,,,,
08.08.2006,,,,,
29.06.2006,,,,,
10.05.2006,,,,,
28.03.2006,,,,,
31.01.2006,,,,,
13.12.2005,,,,,
01.11.2005,,,,,
20.09.2005,,,,,
09.08.2005,,,,,
30.06.2005,,,,,
03.05.2005,,,,,
22.03.2005,,,,,
02.02.2005,,,,,
14.12.2004,,,,,
10.11.2004,,,,,
21.09.2004,,,,,
10.08.2004,,,,,
30.06.2004,,,,,
04.05.2004,,,,,
16.03.2004,,,,,
28.01.2004,,,,,
09.12.2003,,,,,
28.10.2003,,,,,
16.09.2003,,,,,
12.08.2003,,,,,
25.06.2003,,,,,
06.05.2003,,,,,
18.03.2003,,,,,
29.01.2003,,,,,
09.01.2003,,,,,
10.12.2002,,,,,
06.11.2002,,,,,
24.09.2002,,,,,
13.08.2002,,,,,
26.06.2002,,,,,
07.05.2002,,,,,
19.03.2002,,,,,
30.01.2002,,,,,
11.12.2001,,,,,
06.11.2001,,,,,
02.10.2001,,,,,
17.09.2001,,,,,
21.08.2001,,,,,
27.06.2001,,,,,
15.05.2001,,,,,
18.04.2001,,,,,
20.03.2001,,,,,
31.01.2001,,,,,
03.01.2001,,,,,
19.12.2000,,,,,
15.11.2000,,,,,
03.10.2000,,,,,
22.08.2000,,,,,
28.06.2000,,,,,
16.05.2000,,,,,
21.03.2000,,,,,
02.02.2000,,,,,